Workbook

Sheet Monthly Data
A1: category | B1: month | C1: order_count | D1: total_revenue | E1: avg_revenue
A2: Bakery | B2: 2026-01 | C2: 12 | D2: 2160 | E2: 180
A3: Bakery | B3: 2026-02 | C3: 10 | D3: 4795 | E3: 479.5
A4: Bakery | B4: 2026-03 | C4: 8 | D4: 2250 | E4: 281.25
A5: Bakery | B5: 2026-04 | C5: 7 | D5: 1940 | E5: 277.14
A6: Bakery | B6: 2026-05 | C6: 8 | D6: 2615 | E6: 326.88
A7: Bakery | B7: 2026-06 | C7: 11 | D7: 2525 | E7: 229.55
A8: Dairy & Eggs | B8: 2026-01 | C8: 10 | D8: 1547 | E8: 154.7
A9: Dairy & Eggs | B9: 2026-02 | C9: 11 | D9: 2099 | E9: 190.82
A10: Dairy & Eggs | B10: 2026-03 | C10: 9 | D10: 1539 | E10: 171
A11: Dairy & Eggs | B11: 2026-04 | C11: 12 | D11: 2637 | E11: 219.75
A12: Dairy & Eggs | B12: 2026-05 | C12: 12 | D12: 2525 | E12: 210.42
A13: Dairy & Eggs | B13: 2026-06 | C13: 15 | D13: 2779 | E13: 185.27
... A37: Snacks & Beverages | B37: 2026-06 | C37: 11 | D37: 2115 | E37: 192.27

Sheet Category Targets
A1: category | B1: target_revenue
A2: Fruits & Vegetables | B2: 12000
A3: Dairy & Eggs | B3: 16500
A4: Snacks & Beverages | B4: 13000
A5: Personal Care | B5: 15500
A6: Household Essentials | B6: 17000
A7: Bakery | B7: 12000

Sheet Pivot Table
A1: category | B1: SUM of total_revenue | C1: SUM of order_count
A2: Fruits & Vegetables | B2: 11420 | C2: 68
A3: Dairy & Eggs | B3: 13126 | C3: 69
A4: Snacks & Beverages | B4: 13050 | C4: 71
A5: Personal Care | B5: 17500 | C5: 67
A6: Household Essentials | B6: 36205 | C6: 90
A7: Bakery | B7: 16285 | C7: 56

Sheet Category Summary
A1: category | B1: Total Revenue | C1: Target | D1: Variance | E1: % Variance | F1: Tier | G1: SQL Total | H1: Reconciliation
A2: Fruits & Vegetables | B2: ='Pivot Table'!B2 | C2: =XLOOKUP(A2,'Category Targets'!$A$2:$A$7,'Category Targets'!$B$2:$B$7,0) | D2: =B2-C2 | E2: =IFERROR(D2/C2,0) | F2: =IF(B2>=C2,"Meeting Target",IF(B2>=0.9*C2,"Near Target","Below Target")) | G2: 11420 | H2: =IF(ROUND(B2,2)=ROUND(G2,2),"OK","CHECK")
A3: Dairy & Eggs | B3: ='Pivot Table'!B3 | C3: =XLOOKUP(A3,'Category Targets'!$A$2:$A$7,'Category Targets'!$B$2:$B$7,0) | D3: =B3-C3 | E3: =IFERROR(D3/C3,0) | F3: =IF(B3>=C3,"Meeting Target",IF(B3>=0.9*C3,"Near Target","Below Target")) | G3: 13126 | H3: =IF(ROUND(B3,2)=ROUND(G3,2),"OK","CHECK")
A4: Snacks & Beverages | B4: ='Pivot Table'!B4 | C4: =XLOOKUP(A4,'Category Targets'!$A$2:$A$7,'Category Targets'!$B$2:$B$7,0) | D4: =B4-C4 | E4: =IFERROR(D4/C4,0) | F4: =IF(B4>=C4,"Meeting Target",IF(B4>=0.9*C4,"Near Target","Below Target")) | G4: 13050 | H4: =IF(ROUND(B4,2)=ROUND(G4,2),"OK","CHECK")
A5: Personal Care | B5: ='Pivot Table'!B5 | C5: =XLOOKUP(A5,'Category Targets'!$A$2:$A$7,'Category Targets'!$B$2:$B$7,0) | D5: =B5-C5 | E5: =IFERROR(D5/C5,0) | F5: =IF(B5>=C5,"Meeting Target",IF(B5>=0.9*C5,"Near Target","Below Target")) | G5: 17500 | H5: =IF(ROUND(B5,2)=ROUND(G5,2),"OK","CHECK")
A6: Household Essentials | B6: ='Pivot Table'!B6 | C6: =XLOOKUP(A6,'Category Targets'!$A$2:$A$7,'Category Targets'!$B$2:$B$7,0) | D6: =B6-C6 | E6: =IFERROR(D6/C6,0) | F6: =IF(B6>=C6,"Meeting Target",IF(B6>=0.9*C6,"Near Target","Below Target")) | G6: 36205 | H6: =IF(ROUND(B6,2)=ROUND(G6,2),"OK","CHECK")
A7: Bakery | B7: ='Pivot Table'!B7 | C7: =XLOOKUP(A7,'Category Targets'!$A$2:$A$7,'Category Targets'!$B$2:$B$7,0) | D7: =B7-C7 | E7: =IFERROR(D7/C7,0) | F7: =IF(B7>=C7,"Meeting Target",IF(B7>=0.9*C7,"Near Target","Below Target")) | G7: 16285 | H7: =IF(ROUND(B7,2)=ROUND(G7,2),"OK","CHECK")
